ABC_Class,Revenue_%
A,79.9977072451361
B,15.001953200584838
C,5.000339554279061
