Total_Savings,Total_Investment,ROI_%
22888.353096296873,11873.626105562596,192.7663284392462
