cross_state,delivery_time
cross_state,14.565678177642747
in_state,7.437922796429021
